-- --------------------------------------------------------
-- Хост:                         127.0.0.1
-- Версия сервера:               8.0.30 - MySQL Community Server - GPL
-- Операционная система:         Win64
-- HeidiSQL Версия:              12.1.0.6537
-- --------------------------------------------------------

/*!40101 SET @OLD_CHARACTER_SET_CLIENT=@@CHARACTER_SET_CLIENT */;
/*!40101 SET NAMES utf8 */;
/*!50503 SET NAMES utf8mb4 */;
/*!40103 SET @OLD_TIME_ZONE=@@TIME_ZONE */;
/*!40103 SET TIME_ZONE='+00:00' */;
/*!40014 SET @OLD_FOREIGN_KEY_CHECKS=@@FOREIGN_KEY_CHECKS, FOREIGN_KEY_CHECKS=0 */;
/*!40101 SET @OLD_SQL_MODE=@@SQL_MODE, SQL_MODE='NO_AUTO_VALUE_ON_ZERO' */;
/*!40111 SET @OLD_SQL_NOTES=@@SQL_NOTES, SQL_NOTES=0 */;


-- Дамп структуры базы данных CafeActivities
CREATE DATABASE IF NOT EXISTS `CafeActivities` /*!40100 DEFAULT CHARACTER SET utf8mb4 COLLATE utf8mb4_0900_ai_ci */ /*!80016 DEFAULT ENCRYPTION='N' */;
USE `CafeActivities`;

-- Дамп структуры для таблица CafeActivities.Categories
CREATE TABLE IF NOT EXISTS `Categories` (
  `IDcategory` int NOT NULL AUTO_INCREMENT,
  `Category` varchar(50) NOT NULL,
  PRIMARY KEY (`IDcategory`)
) ENGINE=InnoDB AUTO_INCREMENT=16 DEFAULT CHARSET=utf8mb4 COLLATE=utf8mb4_0900_ai_ci;

-- Дамп данных таблицы CafeActivities.Categories: ~10 rows (приблизительно)
INSERT INTO `Categories` (`IDcategory`, `Category`) VALUES
	(1, 'Десерты'),
	(2, 'Алкогольные напитки'),
	(3, 'Безалкогольные напитки'),
	(4, 'Холодные закуски'),
	(5, 'Горячие закуски'),
	(6, 'Супы'),
	(7, 'Салаты'),
	(8, 'Основные горячие блюда'),
	(9, 'Гарниры'),
	(10, 'Выпечка');

-- Дамп структуры для таблица CafeActivities.Clients
CREATE TABLE IF NOT EXISTS `Clients` (
  `IDclient` int NOT NULL AUTO_INCREMENT,
  `Name` varchar(50) NOT NULL,
  `NumberPhone` varchar(16) NOT NULL,
  PRIMARY KEY (`IDclient`)
) ENGINE=InnoDB AUTO_INCREMENT=43 DEFAULT CHARSET=utf8mb4 COLLATE=utf8mb4_0900_ai_ci;

-- Дамп данных таблицы CafeActivities.Clients: ~36 rows (приблизительно)
INSERT INTO `Clients` (`IDclient`, `Name`, `NumberPhone`) VALUES
	(1, 'Смирнов А.П.', '+7(950)123-45-67'),
	(2, 'Козлова Е.И.', '+7(901)122-33-44'),
	(3, 'Новиков А.А.', '+7(915)234-56-78'),
	(4, 'Волкова О.М.', '+7(925)345-67-89'),
	(5, 'Павлов И.К.', '+7(935)456-78-90'),
	(6, 'Лебедева Т.В.', '+7(945)567-89-01'),
	(7, 'Соколов Н.А.', '+7(955)678-90-12'),
	(8, 'Зайцева Л.Р.', '+7(965)789-01-23'),
	(9, 'Морозов П.Д.', '+7(975)890-12-34'),
	(10, 'Орлова А.С.', '+7(985)901-23-45'),
	(11, 'Фролов В.Г. ', '+7(995)012-34-56'),
	(12, 'Васнецова М.П.', '+7(906)123-45-67'),
	(13, 'Громов С.Б.', '+7(916)234-56-78'),
	(14, 'Титова И.Н.', '+7(926)345-67-89'),
	(15, 'Комаров А.Л. ', '+7(936)456-78-90'),
	(16, 'Анисимова Е.О.', '+7(946)567-89-01'),
	(17, 'Белов Я.М.', '+7(956)678-90-12'),
	(18, 'Гусева К.Т.', '+7(966)789-01-23'),
	(19, 'Тарасов Р.Ф.', '+7(976)890-12-34'),
	(20, 'Дмитриева В.Ю.', '+7(986)901-23-45'),
	(21, 'Егоров Б.Ц.', '+7(996)012-34-56'),
	(22, 'Жукова С.Ч.', '+7(907)123-45-67'),
	(23, 'Кудрявцев Г.Ш.', '+7(917)234-56-78'),
	(24, 'Никифорова У.Щ.', '+7(927)345-67-89'),
	(25, 'Савельев М.Э.', '+7(937)456-78-90'),
	(26, 'Успенская Ж.Я.', '+7(947)567-89-01'),
	(27, 'Хромов О.И.', '+7(957)678-90-12'),
	(28, 'Цветкова А.К.', '+7(967)789-01-23'),
	(29, 'Широков Д.Л.', '+7(977)890-12-34'),
	(30, 'Щербакова Э.Р.', '+7(987)901-23-45'),
	(31, 'Прохоров Ф.С.', '+7(997)012-34-56'),
	(32, 'Борисова А.В.', '+7(948)567-89-01'),
	(33, 'Данилов П.Е.', '+7(968)789-01-23'),
	(34, 'Макаров К.Н.', '+7(978)890-12-34'),
	(35, 'Полякова И.Д.', '+7(959)678-90-12'),
	(41, 'Карасева В.И.', '+7(453)423-43-24');

-- Дамп структуры для таблица CafeActivities.Dishes
CREATE TABLE IF NOT EXISTS `Dishes` (
  `Article` varchar(6) NOT NULL,
  `IdEvent` int NOT NULL,
  `IdCategory` int NOT NULL,
  `Name` varchar(100) NOT NULL,
  `Compound` text NOT NULL,
  `Weight` decimal(7,2) NOT NULL,
  `Price` decimal(10,2) NOT NULL,
  `Photo` varchar(255) DEFAULT NULL,
  PRIMARY KEY (`Article`),
  KEY `IdEvent` (`IdEvent`),
  KEY `IdCategory` (`IdCategory`),
  CONSTRAINT `dishes_ibfk_1` FOREIGN KEY (`IdEvent`) REFERENCES `Events` (`IDevent`),
  CONSTRAINT `dishes_ibfk_2` FOREIGN KEY (`IdCategory`) REFERENCES `Categories` (`IDcategory`)
) ENGINE=InnoDB DEFAULT CHARSET=utf8mb4 COLLATE=utf8mb4_0900_ai_ci;

-- Дамп данных таблицы CafeActivities.Dishes: ~48 rows (приблизительно)
INSERT INTO `Dishes` (`Article`, `IdEvent`, `IdCategory`, `Name`, `Compound`, `Weight`, `Price`, `Photo`) VALUES
	('000001', 3, 1, 'Капкейк Смешарик', 'Яркий ванильный капкейк с шоколадной начинкой, украшенный сливочным кремом и съедобной картинкой с изображением популярного мультгероя. Вызовет восторг у детей.', 100.00, 220.00, 'XXL.jpg'),
	('000002', 1, 1, 'Торт Бисквитное облако', 'Ванильный бисквит с ягодной начинкой и крем-чизом.', 5000.00, 10000.00, 'dish_fc4c846ca9a44c62a2a6b6e930802f02.jpg'),
	('000003', 1, 1, 'Тарт ежевика-черника', 'Хрустящее песочное тесто, джем с лавандой, шоколадный бисквит с облаком из ванильного крема со свежими ягодами', 140.00, 450.00, '24034881_1920_q70.jpg'),
	('000004', 2, 1, 'Кутья из риса поминальная', 'Кутья для поминок. рисовая крупа, мёд, изюм распаренный, орехи, специи.', 300.00, 400.00, '25160.970.jpg'),
	('000005', 3, 1, 'Торт Бисквитный', 'Черничный с набором пряников.', 2000.00, 4000.00, '11.jfif'),
	('000006', 2, 2, 'Водка Пшеничная классическая', 'Чистая классическая водка высшей очистки. Традиционный выбор для поминальной трапезы.', 500.00, 450.00, 'pshenichnaya_promo_1.jpg'),
	('000007', 1, 2, 'Игристое вино Брют Премиум', 'Сухое игристое вино с мелкими пузырьками и свежим вкусом. Идеально для торжественного тоста.', 750.00, 1500.00, 'd261c8ba039c11ebbd5ca85e4514f1fd_c92302985bdb11ecbd98a85e4514f1fd-1000x1340.png'),
	('000008', 1, 2, 'Шампанское Cuvée Prestige Brut', 'Игристое вино премиум-класса с тонкими нотами цитруса и белых цветов. Идеально для торжественного разрезания свадебного торта и праздничных тостов.', 750.00, 3200.00, '95sb2m24oy3mrd2rohjwdby1v2hcwovr.png'),
	('000009', 1, 2, 'Вино красное полусладкое Каберне', 'Нейтральное красное полусладкое вино, которое могут предпочитать некоторые гости как альтернативу крепким напиткам.', 750.00, 400.00, '03578_0.jpg'),
	('000010', 3, 5, 'Блинчики с мясом', 'Тонкие блинчики, фаршированные отварным мясом с поджаренным луком. Подаются со сметаной.', 150.00, 160.00, 'rtdumx0533s2ck3ylqhbozxld71edrp5.jpeg'),
	('000011', 3, 3, 'Лимонад Лето Берри', 'Свежий газированный лимонад собственного приготовления с ягодами малины, черники и листьями мяты. Идеален в качестве освежающего аперитива.', 1000.00, 350.00, '5e4ecf794339d.jpg'),
	('000012', 3, 3, 'Молочный коктейль Радуга', 'Нежный молочный коктейль с ванильным мороженым. Может быть разноцветным или украшенным взбитыми сливками, посыпкой и трубочкой. Любимый десертный напиток детей.', 300.00, 200.00, '745959242f7418f03cf422db6951fd0b.jpg'),
	('000013', 2, 3, 'Компот из сухофруктов', 'Классический поминальный напиток, сваренный из смеси сушеных яблок, груш и изюма. Имеет мягкий сладковатый вкус и легкую кислинку. Подается охлажденным.', 1000.00, 120.00, '16309418936.jpg'),
	('000014', 1, 3, 'Свежевыжатый апельсиновый сок', 'Натуральный сок прямого отжима, подается охлажденным. Популярный выбор для тостов и сопровождения десертов.', 1000.00, 450.00, 't01wqyjgxv3t4cblgokii1n5s44bmdbu.jpg'),
	('000015', 1, 3, 'Мохито Безалкогольный', 'Освежающий многослойный коктейль на основе сока лайма, спрайта и ягодного пюре. Подается в высоком бокале со льдом, свежей мятой и дольками лайма. Элегантная альтернатива алкогольным коктейлям.', 450.00, 320.00, '8cf1015d787dcd32d7e51d75db9debb0.jpg'),
	('000016', 1, 4, 'Ассорти сыров с грушей и орехами', 'Подборка из трех сыров (твердый, полутвердый, с плесенью) с грушевым конфитюром и грецкими орехами.', 200.00, 650.00, 'M_height.jfif'),
	('000017', 2, 4, 'Рыбная нарезка', 'Нарезка из слабосоленой семги и форели, подается с лимоном. Простая и сытная закуска.', 150.00, 450.00, 'CTG60fa76bb8b3873389ee1d936260d459c.jpg'),
	('000018', 3, 4, 'Канапе Кораблики', 'Веселые бутербродики в форме парусов на шпажках с отварной колбасой, сыром и огурцом. Удобно есть руками.', 60.00, 220.00, 'kanape_korablik-801992.jpg'),
	('000019', 3, 4, 'Овощные палочки с соусом', 'Свежие морковь, огурец и сладкий перец, нарезанные соломкой, с сырным соусом. Полезный и яркий перекус.', 150.00, 190.00, '259439.jpg'),
	('000020', 1, 4, 'Семга с сыром фета на гренке', 'Благородная рыба удачно сочетается со знаменитым греческим сыром, а традиционная гренка служит хорошим дополнением блюда.  Слабосолёная сёмга и нежный сыр – простое и всегда вкусное сочетание, особенно, для торжественного банкета.', 30.00, 130.00, '774_cemga-s-syrom-feta-na-grenke.jpg'),
	('000021', 2, 5, 'Пирожки с капустой', 'Небольшие жареные пирожки из дрожжевого теста с начинкой из тушеной капусты. Традиционное и сытное блюдо.', 80.00, 120.00, '1466186120_dsc_0213.jpg'),
	('000022', 1, 5, 'Жульен в тарталетках', 'Нежная закуска из курицы и шампиньонов в сливочном соусе с сыром, запеченная в хрустящих тарталетках.', 100.00, 320.00, 'zhulyen-s-kuritsei-ready0-ogimg.jpg'),
	('000023', 3, 5, 'Куриные наггетсы', 'Золотистые кусочки куриного филе в хрустящей панировке. Подаются с кетчупом или соусом барбекю.', 150.00, 220.00, 'nuggets.jpg'),
	('000024', 3, 5, 'Картофель фри с соусами', 'Хрустящая картофельная соломка с сырным и томатным соусами.', 150.00, 180.00, 'XXL_height.jpg'),
	('000025', 1, 5, 'Говяжьи медальоны с ягодным соусом', 'Нежные медальоны из говяжьей вырезки под клюквенным соусом.', 150.00, 690.00, 'grilled-veal-smashed-cherries-closeup-grilled-veal-smashed-cherries-closeup-veal-smashed-cherries-ro.jpg'),
	('000026', 2, 6, 'Борщ', 'Наваристый суп на говяжьем бульоне со свеклой, капустой и картофелем. Подается со сметаной и зеленью.', 300.00, 180.00, 'i.jpg'),
	('000027', 2, 6, 'Щи из свежей капусты', 'Наваристые щи на мясном бульоне с говядиной, подаются со сметаной.', 300.00, 170.00, 'scale_1200.jfif'),
	('000028', 2, 6, 'Солянка мясная', 'Густой островатый суп с различными видами мяса, olives и каперсами.', 300.00, 210.00, '29a8c4a96bfe8b25a30461c57e8786c2.jpg'),
	('000029', 3, 6, 'Мини-пельмени в бульоне', ' Маленькие пельмени в прозрачном курином бульоне, подаются со сметаной.', 280.00, 260.00, 'scale_1200 (1).jfif'),
	('000030', 3, 6, 'Сырный суп с курицей', 'Нежный суп на курином бульоне с плавленым сыром, курицей и овощами.', 280.00, 240.00, 'dish_1b50e9bd83804a5191b8ffd021f13de2.jpg'),
	('000031', 2, 7, 'Салат с крабовыми палочками', 'Салат из крабовых палочек, кукурузы, яиц и риса.', 150.00, 170.00, 'krabovyi-salat-s-risom-i-kukuruzoi.jpg'),
	('000032', 3, 7, 'Фруктовый салат', 'Смесь свежих сезонных фруктов (яблоки, бананы, киви, апельсины) с йогуртовой заправкой.', 150.00, 200.00, 'i123.jpg'),
	('000033', 2, 7, 'Винегрет', 'Классический салат из отварных овощей (свекла, морковь, картофель) с квашеной капустой и солеными огурцами.', 150.00, 140.00, '1200x630_0xeLsmEeo0_0932295641581909167.jpg'),
	('000034', 1, 7, 'Цезарь с креветками', 'Классический салат "Цезарь" с листьями айсберга, крутонами, пармезаном и крупными тигровыми креветками.', 180.00, 420.00, 'XXL_height123.jpg'),
	('000035', 2, 7, 'Оливье', 'Традиционный салат из отварных овощей, мяса, яиц и соленых огурцов.', 150.00, 150.00, 'scale_1200.png'),
	('000036', 2, 8, 'Жаркое из говядины', 'Говядина, тушенная с луком и морковью в собственном соку до мягкости.', 200.00, 280.00, '123i.jpg'),
	('000037', 2, 8, 'Гуляш из свинины', 'Свинина, тушенная кусочками в густом соусе с паприкой.', 200.00, 260.00, '555i.jpg'),
	('000038', 2, 8, 'Рыба, запеченная с луком', 'Филе белой рыбы (треска, минтай), запеченное с репчатым луком.', 200.00, 300.00, 'maxresdefault.jpg'),
	('000039', 3, 8, 'Куриные котлеты Нежные', 'Котлеты из куриного фарша, приготовленные на пару или запеченные.', 150.00, 220.00, 'do-025.jpg'),
	('000040', 1, 8, 'Каре ягненка', 'Нежное каре ягненка с розмарином и тимьяном, запеченное в духовке.', 220.00, 900.00, 'XXL_height76.jpg'),
	('000041', 2, 9, 'Картофельное пюре', 'Классическое нежное пюре из отварного картофеля с добавлением сливочного масла.', 150.00, 90.00, 'i34234.jpg'),
	('000042', 3, 9, 'Картофельное пюре', 'Классическое нежное пюре из отварного картофеля с добавлением сливочного масла.', 150.00, 90.00, 'i34234.jpg'),
	('000043', 2, 9, 'Гречневая каша', 'Рассыпчатая отварная гречневая крупа.', 150.00, 85.00, 'belki-zhuru-i-uglevodu-3-1170x679.jpg'),
	('000044', 2, 9, 'Макароны Рожки', 'Отварные макаронные изделия классической формы.', 150.00, 90.00, 'b6b50485dcc8a8be710f4a1501b8a198.jpg'),
	('000045', 3, 9, 'Макароны Рожки', 'Отварные макаронные изделия классической формы.', 150.00, 90.00, 'b6b50485dcc8a8be710f4a1501b8a198.jpg'),
	('000046', 3, 10, 'Корзиночка с фруктами', 'Корзиночка из песочного теста с заварным кремом и свежими ягодами.', 80.00, 120.00, 'korzinka-s-fruktami.jpg'),
	('000047', 3, 10, 'Пончик с шоколадной глазурью', 'Пышный пончик, покрытый гладкой шоколадной глазурью и разноцветной посыпкой.', 70.00, 110.00, 'cerceri.jpg'),
	('000048', 2, 10, 'Ржаной хлеб', 'Традиционный ржаной хлеб, нарезанный ломтями. Подается к первым и вторым блюдам.', 100.00, 50.00, 'db9e527181584784e438a4b010fb8bc0.jpg');

-- Дамп структуры для таблица CafeActivities.Events
CREATE TABLE IF NOT EXISTS `Events` (
  `IDevent` int NOT NULL AUTO_INCREMENT,
  `Event` varchar(50) NOT NULL,
  PRIMARY KEY (`IDevent`)
) ENGINE=InnoDB AUTO_INCREMENT=7 DEFAULT CHARSET=utf8mb4 COLLATE=utf8mb4_0900_ai_ci;

-- Дамп данных таблицы CafeActivities.Events: ~3 rows (приблизительно)
INSERT INTO `Events` (`IDevent`, `Event`) VALUES
	(1, 'Свадьба'),
	(2, 'Поминальный обед'),
	(3, 'Детский праздник');

-- Дамп структуры для таблица CafeActivities.OrderComposition
CREATE TABLE IF NOT EXISTS `OrderComposition` (
  `IdOrder` int NOT NULL,
  `IdDish` varchar(6) NOT NULL,
  `Count` int NOT NULL,
  PRIMARY KEY (`IdOrder`,`IdDish`),
  KEY `IdDish` (`IdDish`),
  CONSTRAINT `ordercomposition_ibfk_1` FOREIGN KEY (`IdOrder`) REFERENCES `Orders` (`NumberOrder`),
  CONSTRAINT `ordercomposition_ibfk_2` FOREIGN KEY (`IdDish`) REFERENCES `Dishes` (`Article`)
) ENGINE=InnoDB DEFAULT CHARSET=utf8mb4 COLLATE=utf8mb4_0900_ai_ci;

-- Дамп данных таблицы CafeActivities.OrderComposition: ~53 rows (приблизительно)
INSERT INTO `OrderComposition` (`IdOrder`, `IdDish`, `Count`) VALUES
	(211, '000004', 1),
	(211, '000006', 2),
	(211, '000013', 2),
	(211, '000017', 15),
	(211, '000021', 15),
	(211, '000026', 15),
	(211, '000031', 15),
	(211, '000038', 15),
	(212, '000004', 1),
	(212, '000006', 3),
	(212, '000013', 3),
	(212, '000021', 30),
	(212, '000028', 30),
	(212, '000033', 30),
	(212, '000037', 30),
	(212, '000041', 30),
	(212, '000048', 10),
	(213, '000005', 1),
	(213, '000010', 20),
	(213, '000011', 2),
	(213, '000012', 20),
	(213, '000023', 20),
	(213, '000024', 20),
	(213, '000032', 20),
	(214, '000001', 10),
	(214, '000010', 20),
	(214, '000011', 3),
	(214, '000018', 20),
	(214, '000019', 20),
	(214, '000029', 10),
	(221, '000030', 15),
	(221, '000039', 15),
	(221, '000045', 15),
	(221, '000046', 15),
	(221, '000047', 15),
	(245, '000003', 10),
	(245, '000007', 3),
	(245, '000008', 2),
	(245, '000034', 20),
	(245, '000040', 10),
	(247, '000002', 1),
	(247, '000007', 2),
	(247, '000008', 1),
	(247, '000009', 4),
	(247, '000040', 20),
	(249, '000002', 1),
	(249, '000003', 2),
	(249, '000007', 1),
	(249, '000034', 4),
	(249, '000040', 10),
	(261, '000003', 1),
	(261, '000004', 1),
	(262, '000001', 1),
	(262, '000003', 10),
	(262, '000012', 1),
	(263, '000002', 1),
	(264, '000004', 1),
	(265, '000006', 1),
	(265, '000027', 1),
	(265, '000028', 1),
	(266, '000002', 1),
	(266, '000022', 1),
	(267, '000004', 1),
	(268, '000001', 1),
	(268, '000003', 1),
	(269, '000005', 1);

-- Дамп структуры для таблица CafeActivities.Orders
CREATE TABLE IF NOT EXISTS `Orders` (
  `NumberOrder` int NOT NULL AUTO_INCREMENT,
  `IdClient` int NOT NULL,
  `NumberPhoneClient` varchar(11) NOT NULL,
  `DateOfConclusion` date NOT NULL,
  `DateEvent` date NOT NULL,
  `IdSchedule` int NOT NULL,
  `IdStatus` int NOT NULL,
  `IdEvent` int NOT NULL,
  `IdUser` int NOT NULL,
  `Price` decimal(10,2) NOT NULL,
  `DiscountAmount` decimal(7,2) DEFAULT NULL,
  `PriceAll` decimal(10,2) NOT NULL,
  `Prepayment` decimal(10,2) DEFAULT NULL,
  PRIMARY KEY (`NumberOrder`),
  KEY `IdClient` (`IdClient`),
  KEY `IdSchedule` (`IdSchedule`),
  KEY `IdStatus` (`IdStatus`),
  KEY `IdEvent` (`IdEvent`),
  KEY `IdUser` (`IdUser`),
  CONSTRAINT `orders_ibfk_1` FOREIGN KEY (`IdClient`) REFERENCES `Clients` (`IDclient`),
  CONSTRAINT `orders_ibfk_2` FOREIGN KEY (`IdSchedule`) REFERENCES `Schedule` (`IDschedule`),
  CONSTRAINT `orders_ibfk_3` FOREIGN KEY (`IdStatus`) REFERENCES `Status` (`IDstatus`),
  CONSTRAINT `orders_ibfk_4` FOREIGN KEY (`IdEvent`) REFERENCES `Events` (`IDevent`),
  CONSTRAINT `orders_ibfk_5` FOREIGN KEY (`IdUser`) REFERENCES `Users` (`IDuser`)
) ENGINE=InnoDB AUTO_INCREMENT=270 DEFAULT CHARSET=utf8mb4 COLLATE=utf8mb4_0900_ai_ci;

-- Дамп данных таблицы CafeActivities.Orders: ~59 rows (приблизительно)
INSERT INTO `Orders` (`NumberOrder`, `IdClient`, `NumberPhoneClient`, `DateOfConclusion`, `DateEvent`, `IdSchedule`, `IdStatus`, `IdEvent`, `IdUser`, `Price`, `DiscountAmount`, `PriceAll`, `Prepayment`) VALUES
	(211, 3, '79152345678', '2025-08-12', '2025-08-17', 1, 3, 2, 2, 23840.00, 0.00, 23840.00, 11920.00),
	(212, 4, '79253456789', '2025-08-12', '2025-08-17', 2, 3, 2, 2, 27210.00, 0.00, 27210.00, 13605.00),
	(213, 1, '79501234567', '2025-08-12', '2025-08-17', 3, 3, 3, 2, 23900.00, 0.00, 23900.00, 11950.00),
	(214, 2, '79011223344', '2025-08-12', '2025-08-17', 4, 1, 3, 2, 17250.00, 0.00, 17250.00, 1725.00),
	(215, 5, '79354567890', '2025-08-15', '2025-08-20', 1, 2, 2, 3, 21340.00, 0.00, 21340.00, 10670.00),
	(216, 6, '79455678901', '2025-08-15', '2025-08-20', 2, 2, 2, 3, 34400.00, 3440.00, 34400.00, 17200.00),
	(217, 7, '79556789012', '2025-08-15', '2025-08-20', 3, 3, 3, 3, 21900.00, 0.00, 21900.00, 10950.00),
	(218, 8, '79657890123', '2025-08-15', '2025-08-20', 4, 2, 3, 3, 10300.00, 0.00, 10300.00, 5150.00),
	(219, 9, '79758901234', '2025-09-02', '2025-09-10', 1, 3, 2, 6, 29560.00, 0.00, 29560.00, 14780.00),
	(220, 10, '79859012345', '2025-09-02', '2025-09-10', 2, 3, 2, 6, 21050.00, 0.00, 21050.00, 10525.00),
	(221, 11, '79950123456', '2025-09-02', '2025-09-10', 3, 3, 3, 6, 11700.00, 0.00, 11700.00, 5850.00),
	(222, 12, '79061234567', '2025-09-02', '2025-09-10', 4, 2, 3, 6, 31500.00, 3150.00, 28350.00, 14175.00),
	(223, 13, '79162345678', '2025-09-07', '2025-09-11', 5, 3, 2, 8, 24760.00, 0.00, 24760.00, 12380.00),
	(224, 14, '79263456789', '2025-09-07', '2025-09-11', 6, 3, 3, 8, 14560.00, 0.00, 14560.00, 7280.00),
	(225, 15, '79364567890', '2025-09-07', '2025-09-12', 5, 3, 2, 8, 17450.00, 0.00, 17450.00, 8725.00),
	(226, 16, '79465678901', '2025-09-13', '2025-09-17', 1, 2, 2, 9, 15300.00, 0.00, 15300.00, 7650.00),
	(227, 17, '79566789012', '2025-09-13', '2025-09-17', 2, 2, 2, 9, 24160.00, 0.00, 24160.00, 12080.00),
	(228, 18, '79667890123', '2025-09-13', '2025-09-17', 3, 3, 3, 9, 9620.00, 0.00, 9620.00, 4810.00),
	(229, 19, '79768901234', '2025-09-12', '2025-09-17', 4, 3, 3, 2, 10320.00, 0.00, 10320.00, 5160.00),
	(230, 20, '79869012345', '2025-09-18', '2025-09-22', 1, 3, 2, 6, 31050.00, 3105.00, 27945.00, 13972.50),
	(231, 21, '79960123456', '2025-09-18', '2025-09-22', 2, 3, 2, 6, 24560.00, 0.00, 24560.00, 12280.00),
	(232, 22, '79071234567', '2025-09-18', '2025-09-22', 3, 2, 3, 6, 21050.00, 0.00, 21050.00, 10525.00),
	(233, 23, '79172345678', '2025-09-18', '2025-09-22', 4, 3, 3, 6, 12340.00, 0.00, 12340.00, 6170.00),
	(234, 24, '79273456789', '2025-09-23', '2025-09-26', 5, 3, 2, 8, 22500.00, 0.00, 22500.00, 11250.00),
	(235, 25, '79374567890', '2025-09-23', '2025-09-26', 6, 3, 3, 8, 8900.00, 0.00, 8900.00, 4450.00),
	(236, 26, '79475678901', '2025-09-23', '2025-09-27', 5, 2, 2, 8, 25680.00, 0.00, 25680.00, 12840.00),
	(237, 27, '79576789012', '2025-09-23', '2025-09-27', 6, 3, 3, 8, 21200.00, 0.00, 21200.00, 10600.00),
	(238, 28, '79677890123', '2025-09-24', '2025-09-28', 5, 3, 2, 9, 19450.00, 0.00, 19450.00, 9725.00),
	(239, 29, '79778901234', '2025-09-24', '2025-09-28', 11, 3, 1, 9, 31460.00, 3146.00, 28314.00, 14157.00),
	(240, 30, '79879012345', '2025-09-25', '2025-09-29', 5, 1, 2, 2, 13400.00, 0.00, 13400.00, 6700.00),
	(241, 31, '79970123456', '2025-09-25', '2025-09-29', 11, 3, 1, 2, 31880.00, 3188.00, 28692.00, 14346.00),
	(242, 32, '79485678901', '2025-09-18', '2025-09-20', 5, 3, 2, 6, 12560.00, 0.00, 12560.00, 6280.00),
	(243, 33, '79687890123', '2025-09-18', '2025-09-20', 11, 3, 1, 6, 33070.00, 3307.00, 29763.00, 14881.50),
	(244, 34, '79788901234', '2025-09-25', '2025-09-30', 5, 3, 3, 8, 7600.00, 0.00, 7600.00, 3800.00),
	(245, 35, '79596789012', '2025-09-25', '2025-09-30', 11, 1, 1, 8, 32800.00, 3280.00, 29520.00, 14760.00),
	(246, 1, '79501234567', '2025-09-25', '2025-10-01', 5, 3, 3, 8, 34040.00, 3404.00, 30636.00, 15318.00),
	(247, 2, '79011223344', '2025-09-25', '2025-10-01', 11, 3, 1, 8, 48300.00, 4830.00, 43470.00, 4347.00),
	(248, 3, '79152345678', '2025-09-25', '2025-10-02', 5, 3, 3, 8, 41650.00, 4165.00, 37485.00, 18742.50),
	(249, 4, '79253456789', '2025-09-25', '2025-10-02', 11, 3, 1, 8, 35580.00, 3558.00, 44333.11, 16011.00),
	(250, 5, '79354567890', '2025-09-19', '2025-09-23', 1, 3, 2, 9, 32000.00, 3200.00, 28800.00, 14400.00),
	(251, 6, '79455678901', '2025-09-19', '2025-09-23', 2, 3, 2, 9, 23020.00, 0.00, 23020.00, 11510.00),
	(252, 7, '79556789012', '2025-09-19', '2025-09-23', 3, 3, 3, 9, 21000.00, 0.00, 21000.00, 10500.00),
	(253, 8, '79657890123', '2025-09-19', '2025-09-23', 4, 3, 3, 9, 21340.00, 0.00, 21340.00, 10670.00),
	(254, 9, '79758901234', '2025-09-02', '2025-09-09', 1, 3, 2, 2, 12450.00, 0.00, 12450.00, 6225.00),
	(255, 10, '79859012345', '2025-09-02', '2025-09-09', 2, 3, 2, 2, 13000.00, 0.00, 13000.00, 6500.00),
	(256, 11, '79950123456', '2025-09-02', '2025-09-09', 3, 3, 3, 2, 6540.00, 0.00, 6540.00, 3270.00),
	(257, 12, '79061234567', '2025-09-02', '2025-09-09', 4, 2, 3, 2, 22000.00, 0.00, 22000.00, 11000.00),
	(258, 13, '79162345678', '2025-09-03', '2025-09-08', 5, 3, 3, 6, 11020.00, 0.00, 11020.00, 5510.00),
	(259, 14, '79263456789', '2025-09-03', '2025-09-08', 11, 3, 1, 6, 35670.00, 3567.00, 32103.00, 32103.00),
	(260, 15, '79364567890', '2025-09-03', '2025-09-07', 11, 3, 1, 6, 26700.00, 2670.00, 24030.00, 24030.00),
	(261, 1, '79501234567', '2025-11-28', '2025-12-12', 1, 2, 2, 3, 850.00, 0.00, 850.00, 425.00),
	(262, 1, '79501234567', '2025-11-28', '2025-12-12', 1, 1, 3, 3, 4920.00, 0.00, 4920.00, 2460.00),
	(263, 1, '79501234567', '2025-11-29', '2025-12-13', 1, 1, 1, 3, 10000.00, 0.00, 10000.00, 5000.00),
	(264, 1, '79501234567', '2025-12-04', '2025-12-18', 1, 1, 2, 2, 400.00, 0.00, 400.00, 200.00),
	(265, 3, '79152345678', '2025-12-08', '2025-12-22', 1, 1, 2, 3, 830.00, 0.00, 830.00, 83.00),
	(266, 3, '79152345678', '2025-12-08', '2025-12-22', 12, 1, 1, 3, 10320.00, 0.00, 10320.00, 5160.00),
	(267, 2, '79011223344', '2025-12-10', '2025-12-24', 1, 3, 2, 2, 400.00, 0.00, 400.00, 40.00),
	(268, 9, '79758901234', '2025-12-12', '2025-12-26', 1, 1, 1, 2, 670.00, 0.00, 670.00, 67.00),
	(269, 4, '79253456789', '2025-12-12', '2025-12-26', 5, 1, 1, 2, 4000.00, 0.00, 4000.00, 400.00);

-- Дамп структуры для таблица CafeActivities.Roles
CREATE TABLE IF NOT EXISTS `Roles` (
  `IDrole` int NOT NULL AUTO_INCREMENT,
  `Role` varchar(50) NOT NULL,
  PRIMARY KEY (`IDrole`)
) ENGINE=InnoDB AUTO_INCREMENT=11 DEFAULT CHARSET=utf8mb4 COLLATE=utf8mb4_0900_ai_ci;

-- Дамп данных таблицы CafeActivities.Roles: ~3 rows (приблизительно)
INSERT INTO `Roles` (`IDrole`, `Role`) VALUES
	(1, 'Администратор'),
	(2, 'Менеджер'),
	(3, 'Директор');

-- Дамп структуры для таблица CafeActivities.Schedule
CREATE TABLE IF NOT EXISTS `Schedule` (
  `IDschedule` int NOT NULL AUTO_INCREMENT,
  `StartTime` time NOT NULL,
  `EndTime` time NOT NULL,
  PRIMARY KEY (`IDschedule`)
) ENGINE=InnoDB AUTO_INCREMENT=14 DEFAULT CHARSET=utf8mb4 COLLATE=utf8mb4_0900_ai_ci;

-- Дамп данных таблицы CafeActivities.Schedule: ~11 rows (приблизительно)
INSERT INTO `Schedule` (`IDschedule`, `StartTime`, `EndTime`) VALUES
	(1, '12:00:00', '14:00:00'),
	(2, '15:00:00', '17:00:00'),
	(3, '18:00:00', '20:00:00'),
	(4, '12:00:00', '13:00:00'),
	(5, '14:00:00', '15:00:00'),
	(6, '16:00:00', '17:00:00'),
	(7, '18:00:00', '19:00:00'),
	(8, '15:00:00', '19:00:00'),
	(9, '15:00:00', '20:00:00'),
	(10, '15:00:00', '21:00:00'),
	(11, '16:00:00', '20:00:00'),
	(12, '16:00:00', '21:00:00'),
	(13, '16:00:00', '22:00:00');

-- Дамп структуры для таблица CafeActivities.Status
CREATE TABLE IF NOT EXISTS `Status` (
  `IDstatus` int NOT NULL AUTO_INCREMENT,
  `Status` varchar(50) NOT NULL,
  PRIMARY KEY (`IDstatus`)
) ENGINE=InnoDB AUTO_INCREMENT=8 DEFAULT CHARSET=utf8mb4 COLLATE=utf8mb4_0900_ai_ci;

-- Дамп данных таблицы CafeActivities.Status: ~3 rows (приблизительно)
INSERT INTO `Status` (`IDstatus`, `Status`) VALUES
	(1, 'Принят'),
	(2, 'Отменен'),
	(3, 'Оплачен');

-- Дамп структуры для таблица CafeActivities.Users
CREATE TABLE IF NOT EXISTS `Users` (
  `IDuser` int NOT NULL AUTO_INCREMENT,
  `FullName` varchar(100) NOT NULL,
  `Login` varchar(34) NOT NULL,
  `Password` varchar(64) NOT NULL,
  `IdRole` int NOT NULL,
  PRIMARY KEY (`IDuser`),
  KEY `IdRole` (`IdRole`),
  CONSTRAINT `users_ibfk_1` FOREIGN KEY (`IdRole`) REFERENCES `Roles` (`IDrole`)
) ENGINE=InnoDB AUTO_INCREMENT=17 DEFAULT CHARSET=utf8mb4 COLLATE=utf8mb4_0900_ai_ci;

-- Дамп данных таблицы CafeActivities.Users: ~9 rows (приблизительно)
INSERT INTO `Users` (`IDuser`, `FullName`, `Login`, `Password`, `IdRole`) VALUES
	(1, 'Прохоров Максим Даниилович', 'adminMian', '46fac07aae8ccfcfc7e52b540af49b9c0886feb960aced5ea63e4a4aab10f510', 1),
	(2, 'Щеглова Алиса Львовна', 'manaGer_102', '46fac07aae8ccfcfc7e52b540af49b9c0886feb960aced5ea63e4a4aab10f510', 2),
	(3, 'Алексеев Максим Марсельевич', 'baR_Manager', '46fac07aae8ccfcfc7e52b540af49b9c0886feb960aced5ea63e4a4aab10f510', 2),
	(5, 'Сидоров Семён Михайлович', 'shift_LEAD_01', '46fac07aae8ccfcfc7e52b540af49b9c0886feb960aced5ea63e4a4aab10f510', 3),
	(6, 'Высоцкая Ирина Артёмовна', 'sales23_Manager', '46fac07aae8ccfcfc7e52b540af49b9c0886feb960aced5ea63e4a4aab10f510', 2),
	(7, 'Руднев Владимир Евгеньевич', 'hr_D12epartment', '46fac07aae8ccfcfc7e52b540af49b9c0886feb960aced5ea63e4a4aab10f510', 3),
	(8, 'Петухов Илья Евгеньевич', 'caSH2ier_supervisor', '46fac07aae8ccfcfc7e52b540af49b9c0886feb960aced5ea63e4a4aab10f510', 2),
	(9, 'Романов Александр Львович', 'syS_Manag6_cafe', '46fac07aae8ccfcfc7e52b540af49b9c0886feb960aced5ea63e4a4aab10f510', 2),
	(10, 'Макарова Варвара Александровна', 'admin_invenTO2ry', '46fac07aae8ccfcfc7e52b540af49b9c0886feb960aced5ea63e4a4aab10f510', 3);

/*!40103 SET TIME_ZONE=IFNULL(@OLD_TIME_ZONE, 'system') */;
/*!40101 SET SQL_MODE=IFNULL(@OLD_SQL_MODE, '') */;
/*!40014 SET FOREIGN_KEY_CHECKS=IFNULL(@OLD_FOREIGN_KEY_CHECKS, 1) */;
/*!40101 SET CHARACTER_SET_CLIENT=@OLD_CHARACTER_SET_CLIENT */;
/*!40111 SET SQL_NOTES=IFNULL(@OLD_SQL_NOTES, 1) */;
